date,platform,sort_type,rank,product_name,brand,volume_ml,regular_price,discount,sales_price,rating,review_count,main_ingredients,ingredients,ing_source,url
2026-05-02,oliveyoung,판매순,1,[단독기획] 아누아 TXA 나이아신 흔적 세럼 30ml 2입,아누아,30ml,64000.0,57%,27500,4.8,"3,739",,"정제수, 글리세린, 나이아신아마이드(10%), 트라넥사믹애씨드(4%), 부틸렌글라이콜, 다이에톡시에틸석시네이트, 1,2-헥산다이올, 알부틴, 펜틸렌글라이콜, 소듐하이알루로네이트, 잔탄검, 베타인살리실레이트, 알파-알부틴, 수크로오스팔미테이트, 아이비고드열매추출물, 한련초추출물, 하이드로제네이티드레시틴, 젤란검, 퀸즈랜드넛오일, 올리브오일, 호호바씨오일, 포도씨오일, 소듐파이테이트, 셀룰로오스, 카프릴릭/카프릭트라이글리세라이드, 판테놀, 사이아노코발아민, 폴리글루타믹애씨드, 3-O-에틸아스코빅애씨드, 세라마이드엔피, 덱스트린, 카카오추출물, 하이드롤라이즈드하이알루로닉애씨드, 편백잎추출물, 복사나무꽃추출물, 녹차씨오일, 아시아티코사이드, 마데카식애씨드, 아시아틱애씨드, 효모발효추출물, 병풀추출물, 쑥잎추출물, 칸디다 봄비콜라/글루코오스/메틸레이프씨데이트발효물, 다이메틸실란올하이알루로네이트, 하이드롤라이즈드소듐하이알루로네이트, 하이알루로닉애씨드, 포타슘하이알루로네이트, 하이드록시프로필트라이모늄하이알루로네이트, 소듐하이알루로네이트크로스폴리머, 소듐하이알루로네이트다이메틸실란올, 소듐아세틸레이티드하이알루로네이트",html,https://www.oliveyoung.co.kr/store/goods/getGoodsDetail.do?goodsNo=A000000226201&dispCatNo=100000100010014&trackingCd=Cat100000100010014_Small&t_page=카테고리관&t_click=에센스/세럼/앰플_전체__상품상세&t_number=1
2026-05-02,oliveyoung,판매순,2,더마팩토리 나이아신아마이드 20% 세럼 30ml,더마팩토리,30ml,6000.0,15%,5100,4.8,"7,601","Niacinamide(Niacinamide), Rose Water(Rosa Damascena Flower Water)","다마스크장미꽃수, 나이아신아마이드, 글리세린, 부틸렌글라이콜, 1,2-헥산다이올, 아크릴레이트/C10-30알킬아크릴레이트크로스폴리머, 에틸헥실글리세린, 트로메타민, 잔탄검, 다이소듐이디티에이",html,https://www.oliveyoung.co.kr/store/goods/getGoodsDetail.do?goodsNo=A000000225217&dispCatNo=100000100010014&trackingCd=Cat100000100010014_Small&t_page=카테고리관&t_click=에센스/세럼/앰플_전체__상품상세&t_number=2
2026-05-02,oliveyoung,판매순,3,아누아 피디알엔 히알루론산 캡슐 100 세럼 30mL 기획세트 (+크림 30ml),아누아,30mL,39000.0,46%,20900,4.8,"15,177","PDRN(Sodium DNA), Hyaluronic Acid(Hydrolyzed Hyaluronic Acid, Sodium Hyaluronate, Hyaluronic Acid, Hydrolyzed Sodium Hyaluronate, Hydroxypropyltrimonium Hyaluronate, Potassium Hyaluronate, Sodium Hyaluronate Crosspolymer, Sodium Acetylated Hyaluronate, Dimethylsilanol Hyaluronate, Sodium Hyaluronate Dimethylsilanol), Collagen(Hydrolyzed Collagen)","[피디알엔 세럼] 하이드롤라이즈드하이알루로닉애씨드(29,049ppm), 나이아신아마이드, 하이드롤라이즈드콜라겐, 소듐하이알루로 네이트(800ppm), 아데노신, 소듐디엔에이(100ppm), 하이알 루로닉애씨드(30ppm), 하이드롤라이즈드소듐하이알루로네이 트(30ppm), 하이드록시프로필트라이모늄하이알루로네이트 (30ppm), 포타슘하이알루로네이트(30ppm), 소듐하이알루 로네이트크로스폴리머(30ppm), 소듐아세틸레이티드하이알 루로네이트(1ppm), 시트릭애씨드 * 피디알엔: 소듐디엔에이 [피디알엔 크림] 소듐디엔에이, 하이드롤라이즈드콜라겐, 소듐하이알루로네이트, 하이드롤라이즈드하이알루로닉애씨드, 하이알루로닉애씨드, 다이메틸실란올하이알루로네이트, 하이드롤라이즈드소듐하이알루로네이트, 포타슘하이알루로네이트, 하이드록시프로필트라이모늄하이알루로네이트, 소듐하이알루로네이트크로스폴리머, 소듐하이알루로네이트다이메틸실란올, 소듐아세틸레이티드하이알루로네이트",html,https://www.oliveyoung.co.kr/store/goods/getGoodsDetail.do?goodsNo=A000000231894&dispCatNo=100000100010014&trackingCd=Cat100000100010014_Small&t_page=카테고리관&t_click=에센스/세럼/앰플_전체__상품상세&t_number=3
2026-05-02,oliveyoung,판매순,4,[화잘먹] 넘버즈인 3번 보들보들 모공결 세럼 30ml 더블 기획,넘버즈인,30ml,42000.0,43%,23900,4.9,"2,827","비피다(Bifida Ferment Lysate), 갈락토미세스(Galactomyces Ferment Filtrate), 바쿠치올(Bakuchiol), 나이아신아마이드(Niacinamide), 시카(Lactobacillus Ferment Lysate, Hydrogenated Lecithin, Panthenol, Allantoin, Dipotassium Glycyrrhizate)","비피다발효용해물, 갈락토미세스발효여과물, 부틸렌글라이콜, 메틸글루세스-20, 정제수, 나이아신아마이드, 피이지-90, 1,2-헥산다이올, 글리세린, 스쿠알란, 알테로모나스발효추출물, 실크추출물, 염소유추출물, 락토바실러스발효용해물, 바쿠치올, 하이드로제네이티드레시틴, 소듐하이알루로네이트, 판테놀, 아데노신, 글리세레스-26, 잔탄검, 다이포타슘글리시리제이트, 코직애씨드, 폴리글리세릴-3다이스테아레이트, 글리세릴스테아레이트에스이, 글리세릴스테아레이트시트레이트, 폴리글리세릴-3메틸글루코오스다이스테아레이트, 카보머, 트로메타민, 알란토인, 에틸헥실글리세린, 카프릴릴글라이콜, 트로폴론, 다이소듐이디티에이",html,https://www.oliveyoung.co.kr/store/goods/getGoodsDetail.do?goodsNo=A000000250773&dispCatNo=100000100010014&trackingCd=Cat100000100010014_Small&t_page=카테고리관&t_click=에센스/세럼/앰플_전체__상품상세&t_number=4
2026-05-02,oliveyoung,판매순,5,[포켓몬 에디션/5월올영픽/1+1] 프리메라 비타티놀 바운시 리프트 세럼 30g 기획/단품,프리메라,30g,39000.0,26%,28900,4.8,"3,823","비타민C(Ascorbyl Glucoside, Ascorbic Acid), 레티놀(Retinol, Hydroxypinacolone Retinoate), 나이아신아마이드(Niacinamide), 히알루론산(Sodium Hyaluronate), 펩타이드(Acetyl Tetrapeptide-11)","정제수, 부틸렌글라이콜, 글리세린, 메틸글루세스-20, 아스코빌글루코사이드, 나이아신아마이드, 카프릴릴메티콘, 카프릴릭/카프릭트라이글리세라이드, 하이드로제네이티드폴리아이소부텐, 1,2-헥산다이올, 트로메타민, 하이드록시에틸아크릴레이트/소듐아크릴로일다이메틸타우레이트코폴리머, 폴리솔베이트20, 폴리아크릴레이트-13, 다이메티콘, 판테놀, 소듐스테아로일글루타메이트, 소듐시트레이트, 폴리아이소부텐, 폴리아크릴레이트크로스폴리머-6, 다이메틸아이소소바이드, 락토바실러스/콩추출물발효여과물, 해바라기씨오일, 옥수수전분, 돌콩오일, 만니톨, 수크로오스, 마이크로크리스탈린셀룰로오스, 글리세릴카프릴레이트, 스핑고모나스발효추출물, 에틸헥실글리세린, 솔비탄아이소스테아레이트, 소듐메타포스페이트, 당근추출물, 아데노신, 하이드록시피나콜론레티노에이트, 시트릭애씨드, 레티놀, 티타늄디옥사이드 (CI 77891), 황색산화철, 엑토인, 하이드로제네이티드레시틴, 아스코빅애씨드, 베타-카로틴, 토코페롤, 펜틸렌글라이콜, 프로필렌글라이콜, 소듐하이알루로네이트, 카보머, 아세틸테트라펩타이드-11, 아라비아고무나무검, 프로필렌글라이콜알지네이트",html,https://www.oliveyoung.co.kr/store/goods/getGoodsDetail.do?goodsNo=A000000231293&dispCatNo=100000100010014&trackingCd=Cat100000100010014_Small&t_page=카테고리관&t_click=에센스/세럼/앰플_전체__상품상세&t_number=5
2026-05-02,oliveyoung,판매순,6,[KBO 콜라보 손목밴드 증정] 메디힐 마데카소사이드 흔적 리페어 세럼 40+40ml 기획,메디힐,40ml,36900.0,39%,22400,4.7,"32,661","마데카소사이드(Madecassoside, Centella Asiatica Extract, Centella Asiatica Leaf Extract, Centella Asiatica Leaf/Stem Extract, Asiaticoside, Madecassic Acid, Asiatic Acid), 나이아신아마이드(Niacinamide), 히알루론산(Sodium Hyaluronate)","정제수, 글리세린, 부틸렌글라이콜, 프로판다이올, 1,2-헥산다이올, 나이아신아마이드, 글리세릴폴리메타크릴레이트, 판테놀, 베타인, 폴리글리세릴-10라우레이트, 아크릴레이트/C10-30알킬아크릴레이트크로스폴리머, 다이페닐다이메티콘, 트라이에틸헥사노인, 트로메타민, 마데카소사이드(540 ppm), 에틸헥실글리세린, 하이드로제네이티드레시틴, 잔탄검, 소듐하이알루로네이트, 병풀추출물(51 ppm), 아시아티코사이드(39 ppm), 서양배추출물, 연필향나무오일, 병풀잎추출물(21 ppm), 베타-글루칸, 다마스크장미꽃수, 멜론추출물, 오리스뿌리추출물, 서양송악잎/줄기추출물, 호호바씨오일, 광곽향오일, 불가리스쑥오일, 로즈마리잎오일, 토코페롤, 다이프로필렌글라이콜, 펜틸렌글라이콜, 카프릴릴/카프릴글루코사이드, 마데카식애씨드(0.00004 ppm), 아시아틱애씨드(0.00003 ppm), 세라마이드엔피",html,https://www.oliveyoung.co.kr/store/goods/getGoodsDetail.do?goodsNo=A000000252908&dispCatNo=100000100010014&trackingCd=Cat100000100010014_Small&t_page=카테고리관&t_click=에센스/세럼/앰플_전체__상품상세&t_number=6
2026-05-02,oliveyoung,판매순,7,[올리브영 1등 세럼/속보습세럼]토리든 다이브인 저분자 히알루론산 세럼 50ml,토리든,50ml,22000.0,29%,15680,4.7,"9,190","Hyaluronic Acid(Sodium Hyaluronate, Hydrolyzed Hyaluronic Acid, Sodium Acetylated Hyaluronate, Sodium Hyaluronate Crosspolymer, Hydrolyzed Sodium Hyaluronate), Panthenol(Panthenol), Allantoin(Allantoin)","정제수, 부틸렌글라이콜, 글리세린, 다이프로필렌글라이콜, 1,2-헥산다이올, 판테놀 , 소듐하이알루로네이트, 하이드롤라이즈드하이알루로닉애씨드(500ppm), 소듐아세틸레이티드하이알루로네이트, 소듐하이알루로네이트크로스폴리머, 하이드롤라이즈드소듐하이알루로네이트, 알란토인, 트레할로스, 베타인, 프로판다이올, 쇠비름추출물, 버지니아풍년화추출물, 마데카소사이드, 마데카식애씨드, 세라마이드엔피, 베타-글루칸, 말라카이트추출물, 콜레스테롤, 펜틸렌글라이콜, 글리세릴아크릴레이트/아크릴릭애씨드코폴리머, 피브이엠/엠에이코폴리머, 폴리글리세릴-10라우레이트, 잔탄검, 트로메타민, 카보머, 에틸헥실글리세린,황금추출물,모란뿌리추출물",html,https://www.oliveyoung.co.kr/store/goods/getGoodsDetail.do?goodsNo=A000000128643&dispCatNo=100000100010014&trackingCd=Cat100000100010014_Small&t_page=카테고리관&t_click=에센스/세럼/앰플_전체__상품상세&t_number=7
2026-05-02,oliveyoung,판매순,8,[속건조필수템] 웰라쥬 리얼 히알루로닉 블루 100 앰플 100ml 기획 (+원데이키트2ea),웰라쥬,100ml,30000.0,34%,19900,4.8,"5,685","Hyaluronic Acid(Sodium Hyaluronate, Hydrolyzed Hyaluronic Acid, Hydrolyzed Sodium Hyaluronate, Hydroxypropyltrimonium Hyaluronate, Hyaluronic Acid, Sodium Acetylated Hyaluronate, Sodium Hyaluronate Crosspolymer, Hydrolyzed Glycosaminoglycans), PDRN(Sodium DNA), Panthenol(Panthenol)","[웰라쥬 리얼 히알루로닉 블루 100 앰플] 정제수, 프로판다이올, 펜틸렌글라이콜, 글리세린, 1,2-헥산다이올, 판테놀, 메틸프로판다이올, 소듐아크릴릭애씨드/엠에이코폴리머, 부틸렌글라이콜, 참마뿌리추출물, 잔탄검, 소듐시트레이트, 에틸헥실글리세린, 소듐하이알루로네이트(1,000ppm), 글라이코실트레할로오스, 하이드로제네이티드스타치하이드롤리세이트, 시트릭애씨드, 라피노오스, 아데노신, 레시틴, 트라이소듐에틸렌다이아민다이석시네이트, 카프릴릴글라이콜, 사카라이드아이소머레이트, 폴리쿼터늄-51, 말라카이트추출물, 알지닌, 소듐디엔에이, 갈랑가갈랑갈추출물, 바이오사카라이드검-1, 사이아노코발아민, 토코페롤, 카프릴릭/카프릭트라이글리세라이드, 하이드로제네이티드레시틴, 하이드롤라이즈드하이알루로닉애씨드(0.100052ppm) 하이드롤라이즈드소듐하이알루로네이트(0.1ppm), 수크로오스라우레이트, 소듐스테아로일글루타메이트, 암모늄아크릴로일다이메틸타우레이트/브이피코폴리머, 글라이신, 세린, 히스티딘, 돌콩추출물, 라이소레시틴, 플로레틴, 테트라하이드로피페린, 다이메틸아이소소바이드, 소듐하이알루로네이트크로스폴리머(2.08ppb), 벤질글라이콜, 하이드롤라이즈드글라이코사미노글리칸, 올레일알코올, 베타-글루칸, 하이드록시프로필트라이모늄하이알루로네이트(0.012ppb), 하이알루로닉애씨드(0.001ppb), 소듐아세틸레이티드하이알루로네이트(0.0002ppb) [웰라쥬 리얼 히알루로닉 원데이 키트] 1)웰라쥬 리얼 에이치에이 하이드레이트 캡슐 소듐하이알루로네이트(90.95%), 알진, 하이드록시프로필사이클로덱스트린 2)웰라쥬 리얼 에이치에이 하이드레이트 솔루션 정제수, 프로판다이올, 다이프로필렌글라이콜, 메틸프로판다이올, 글리세린, 글리세레스-26, 1,2-헥산다이올, 펜틸렌글라이콜, C12-14파레스-12, 소듐시트레이트, 인도멀구슬나무잎추출물, 인도멀구슬나무꽃추출물, 에틸헥실글리세린, 시트릭애씨드, 아데노신, 아이비고드열매추출물, 다이소듐이디티에이, 라벤더오일, 소듐하이알루로네이트(100ppm), 가지열매추출물, 알로에베라꽃추출물, 카프릴릭/카프릭트라이글리세라이드, 홀리바질잎추출물, 글라이코실트레할로오스, 멕시칸치아씨추출물, 병풀추출물, 약모밀추출물, 울금뿌리추출물, 참산호말추출물, 아세틸글루타민, 하이드로제네이티드레시틴, 소듐스테아로일글루타메이트, 수크로오스라우레이트, 세린, 글라이신, 알지닌, 히스티딘, 소듐피씨에이, 올레익애씨드, 리솔레시틴, 토코페롤, 세라마이드엔피, 벤질글라이콜, 하이드롤라이즈드글라이코사미노글리칸(28ppb), 소듐하이알루로네이트크로스폴리머(5ppb), 하이드롤라이즈드하이알루로닉애씨드(2.6ppb), 하이드록시프로필트라이모늄하이알루로네이트(0.6ppb), 하이알루로닉애씨드(0.05ppb), 소듐아세틸레이티드하이알루로네이트(0.01ppb), 리날룰",html,https://www.oliveyoung.co.kr/store/goods/getGoodsDetail.do?goodsNo=A000000231884&dispCatNo=100000100010014&trackingCd=Cat100000100010014_Small&t_page=카테고리관&t_click=에센스/세럼/앰플_전체__상품상세&t_number=8
2026-05-02,oliveyoung,판매순,9,[5월올영픽/포켓몬 에디션] 닥터지 레드블레미쉬 클리어 히알시카 수딩세럼 50ml 리필기획 (리필50ml+꼬부기파우치),닥터지,50ml,40000.0,47%,21200,4.7,"2,077","시카(Centella Asiatica Extract, Madecassoside, Asiaticoside, Madecassic Acid, Asiatic Acid, Centella Asiatica Leaf Extract), 히알루론산(Sodium Hyaluronate, Hydroxypropyltrimonium Hyaluronate), 판테놀(Panthenol), 나이아신아마이드(Niacinamide)","정제수, 부틸렌글라이콜, 다이프로필렌글라이콜, 나이아신아마이드, 1,2-헥산다이올, 글리세린, 판테놀, 글리세레스-26, 하이드록시에틸셀룰로오스, 에리스리톨, 소듐폴리아크릴로일다이메틸타우레이트, 소듐하이알루로네이트(1,100 ppm), 알란토인, 에틸헥실글리세린, 카프릴릭/카프릭트라이글리세라이드, 바이오사카라이드검-1, 다이소듐이디티에이, 하이드로제네이티드레시틴, 베타인살리실레이트, 석시닉애씨드, 트로메타민, 효모발효여과물, 옥틸도데칸올, 폴리글리세릴-10라우레이트, 포스파티딜콜린, 아시아티코사이드(48 ppm), 병풀잎추출물(40 ppm), 마데카식애씨드(36 ppm), 아시아틱애씨드(36 ppm), 글라이코리피드, 세라마이드엔피, 베타-글루칸, 락토바실러스발효물, 락토바실러스/콩발효추출물, 류코노스톡/무발효여과물, 효모발효추출물, 팔미토일트라이펩타이드-5, 다발방패버섯추출물, 마데카소사이드(3.6 ppm), 병풀추출물(3.4 ppm), 하이드록시프로필트라이모늄하이알루로네이트(1 ppm), 토코페롤, 징크피씨에이, 헥사펩타이드-9",html,https://www.oliveyoung.co.kr/store/goods/getGoodsDetail.do?goodsNo=A000000253383&dispCatNo=100000100010014&trackingCd=Cat100000100010014_Small&t_page=카테고리관&t_click=에센스/세럼/앰플_전체__상품상세&t_number=9
2026-05-02,oliveyoung,판매순,10,[단독기획] 아누아 피디알엔 히알루론산 캡슐 100 세럼 30mL 기획 (+30mL 리필팩),아누아,30mL,58500.0,53%,27500,4.8,"12,051","PDRN(Sodium DNA), Hyaluronic Acid(Hydrolyzed Hyaluronic Acid, Sodium Hyaluronate, Hyaluronic Acid, Hydrolyzed Sodium Hyaluronate, Hydroxypropyltrimonium Hyaluronate, Potassium Hyaluronate, Sodium Hyaluronate Crosspolymer, Sodium Acetylated Hyaluronate), Collagen(Hydrolyzed Collagen), Niacinamide(Niacinamide)","하이드롤라이즈드하이알루로닉애씨드(29,049ppm), 나이아신아마이드, 하이드롤라이즈드콜라겐, 소듐하이알루로 네이트(800ppm), 아데노신, 소듐디엔에이(100ppm), 하이알 루로닉애씨드(30ppm), 하이드롤라이즈드소듐하이알루로네이 트(30ppm), 하이드록시프로필트라이모늄하이알루로네이트 (30ppm), 포타슘하이알루로네이트(30ppm), 소듐하이알루 로네이트크로스폴리머(30ppm), 소듐아세틸레이티드하이알 루로네이트(1ppm), 시트릭애씨드 * 피디알엔: 소듐디엔에이",html,https://www.oliveyoung.co.kr/store/goods/getGoodsDetail.do?goodsNo=A000000222698&dispCatNo=100000100010014&trackingCd=Cat100000100010014_Small&t_page=카테고리관&t_click=에센스/세럼/앰플_전체__상품상세&t_number=10
2026-05-02,oliveyoung,판매순,11,[포켓몬에디션]브링그린 징크테카 트러블세럼(대용량/기획),브링그린,50mL,39600.0,43%,22500,4.7,"18,467","시카(Centella Asiatica Extract, Asiaticoside, Madecassic Acid, Asiatic Acid), 징크(Zinc PCA), 나이아신아마이드(Niacinamide)","""■ [징크테카세럼] 정제수, 에톡시다이글라이콜, 메틸프로판다이올, 메틸글루세스-20, 1,2-헥산다이올, 나이아신아마이드, 병풀추출물, 티트리추출물, 티트리잎추출물, 티트리꽃/잎/줄기추출물, 몰로키아잎추출물**, 신선초추출물**, 연꽃뿌리추출물**, 오크라열매추출물**, 참마뿌리추출물**, 하이드로제네이티드레시틴, 티트리잎수, 티트리잎오일, 옥틸도데칸올, 옥틸도데세스-16, 아시아티코사이드*(4,800ppm), 마데카식애씨드*(3,600ppm), 글라이코리피드, 아시아틱애씨드*(3,600ppm), C12-13알케스-9, 카보머, 트로메타민, 피브이피, 소듐폴리아크릴레이트, 다이소듐이디티에이, 4-터피네올, 징크피씨에이(1ppm), 에틸헥실글리세린 [S.O.S 카밍젤] 정제수, 글리세린, 다이프로필렌글라이콜, 실리카, 에톡시다이글라이콜, 1,2-헥산다이올, 트로메타민, 카보머, 판테놀, 글라이콜릭애씨드, 옥틸도데칸올, 아시아티코사이드, 살리실릭애씨드, 하이드로제네이티드레시틴, 글라이코리피드, 마데카식애씨드, 아시아틱애씨드, 에틸헥실글리세린, C12-13알케스-9, 부틸렌글라이콜, 병풀추출물, 무화과추출물, 락토코쿠스발효용해물, 세라마이드엔피, 프룩토올리고사카라이드, 향부자추출물, 징크피씨에이, 소듐클로라이드""",html,https://www.oliveyoung.co.kr/store/goods/getGoodsDetail.do?goodsNo=A000000226515&dispCatNo=100000100010014&trackingCd=Cat100000100010014_Small&t_page=카테고리관&t_click=에센스/세럼/앰플_전체__상품상세&t_number=11
2026-05-02,oliveyoung,판매순,12,[1등미백앰플] 메디큐브 PDRN 핑크 앰플 30ml 기획 (본품+리필 50ML+겔패드 2매입*2개),메디큐브,30ml,46000.0,47%,24600,4.7,"21,610","PDRN(Sodium DNA), 펩타이드(Palmitoyl Pentapeptide-4, Palmitoyl Tripeptide-1, Palmitoyl Tetrapeptide-7, Copper Tripeptide-1, Acetyl Hexapeptide-8), 히알루론산(Sodium Hyaluronate), 콜라겐(Hydrolyzed Collagen, Atelocollagen)","정제수,글리세린,다이프로필렌글라이콜,아이소프로필미리스테이트,글리세레스-26,나이아신아마이드,1,2-헥산다이올,소듐디엔에이,부틸렌글라이콜,폴리글리세린-3,소듐아크릴레이트/소듐아크릴로일다이메틸타우레이트코폴리머,폴리아이소부텐,아크릴레이트/C10-30알킬아크릴레이트크로스폴리머,이리추출물,트로메타민,글리세릴아크릴레이트/아크릴릭애씨드코폴리머,피브이엠/엠에이코폴리머,에틸헥실글리세린,카프릴릴글라이콜,향료,인도멀구슬나무잎추출물,아데노신,카프릴릴/카프릴글루코사이드,솔비탄올리에이트,인도멀구슬나무꽃추출물,소듐하이알루로네이트,다이소듐이디티에이,울금뿌리추출물,사이아노코발아민,하이드롤라이즈드콜라겐,유비퀴논,홀리바질잎추출물,참산호말추출물,팔미토일펜타펩타이드-4,팔미토일트라이펩타이드-1,팔미토일테트라펩타이드-7,카퍼트라이펩타이드-1,아세틸헥사펩타이드-8,연어알추출물,아텔로콜라겐",html,https://www.oliveyoung.co.kr/store/goods/getGoodsDetail.do?goodsNo=A000000226498&dispCatNo=100000100010014&trackingCd=Cat100000100010014_Small&t_page=카테고리관&t_click=에센스/세럼/앰플_전체__상품상세&t_number=12
2026-05-02,oliveyoung,판매순,13,[품절대란/수부지 화잘먹 세럼] 믹순 히알레배 포어 버블 세럼 70ml,믹순,70ml,14900.0,34%,9900,4.9,"6,359","PGA(Polyglutamic Acid), Hyaluronic Acid(Sodium Hyaluronate, Sodium Hyaluronate Crosspolymer), Cica(병풀캘러스세포외소포), PHA(Gluconolactone), LHA(Capryloyl Salicylic Acid), Witch Hazel(Hamamelis Virginiana (Witch Hazel) Water)","정제수, 1,2-헥산다이올, 나이아신아마이드, 프로판다이올, 트레할로오스, 판테놀, 폴리글루타믹애씨드, 코코-글루코사이드, 알란토인, 버지니아풍년화수, 소듐시트레이트, 에틸헥실글리세린, 다이포타슘글리시리제이트, 아데노신, 글리세린, 시트릭애씨드, 부틸렌글라이콜, 소듐파이테이트, 하이드록시에틸셀룰로오스, 바실러스발효물, 병풀캘러스세포외소포, 풀루란, 소듐하이알루로네이트(1,000ppb), 메틸프로판다이올, 폴리글리세릴-4카프레이트, 글라이신, 글루코노락톤, 카프릴로일살리실릭애씨드, 트로메타민, 글루타믹애씨드, 알지닌, 벤질글라이콜, 세틸에틸헥사노에이트, 소듐하이알루로네이트크로스폴리머(1ppb), 세테아릴올리베이트, 솔비탄올리베이트",html,https://www.oliveyoung.co.kr/store/goods/getGoodsDetail.do?goodsNo=A000000238406&dispCatNo=100000100010014&trackingCd=Cat100000100010014_Small&t_page=카테고리관&t_click=에센스/세럼/앰플_전체__상품상세&t_number=13
2026-05-02,oliveyoung,판매순,14,[트러블모공] 디오디너리 나이아신아마이드 10% + 징크 1% 30ml,디오디너리,30ml,,,8700,4.6,"14,661",,"정제수, 나이아신아마이드, 펜틸렌글라이콜, 징크피씨에이, 다이메틸아이소소바이드, 타마린드씨검, 잔탄검, 아이소세테스-20, 에톡시다이글라이콜, 페녹시에탄올, 클로페네신",html,https://www.oliveyoung.co.kr/store/goods/getGoodsDetail.do?goodsNo=A000000157350&dispCatNo=100000100010014&trackingCd=Cat100000100010014_Small&t_page=카테고리관&t_click=에센스/세럼/앰플_전체__상품상세&t_number=14
2026-05-02,oliveyoung,판매순,15,[트러블모공] 디오디너리 나이아신아마이드 10% + 징크 1% 60ml,디오디너리,60ml,,,15700,4.7,"11,447",,"정제수, 나이아신아마이드(10%), 펜틸렌글라이콜, 징크피씨에이(징크로서,1%), 다이메틸아이소소바이드, 타마린드씨검, 잔탄검, 아이소세테스-20, 에톡시다이글라이콜, 페녹시에탄올, 클로페네신",html,https://www.oliveyoung.co.kr/store/goods/getGoodsDetail.do?goodsNo=A000000158615&dispCatNo=100000100010014&trackingCd=Cat100000100010014_Small&t_page=카테고리관&t_click=에센스/세럼/앰플_전체__상품상세&t_number=15
2026-05-02,oliveyoung,판매순,16,[흔적미백] 넘버즈인 5번 글루타치온C 흔적 앰플 30ml+30ml 듀오기획,넘버즈인,30ml,46000.0,37%,28900,4.7,"17,630","글루타치온(Glutathione), 비타민C(3-O-Ethyl Ascorbic Acid, Ascorbic Acid, Ascorbyl Glucoside), 나이아신아마이드(Niacinamide)","정제수, 부틸렌글라이콜, 나이아신아마이드(50,000 ppm), 판테놀(50,000 ppm), 트라넥사믹애씨드(40,000 ppm), 1,2-헥산다이올, 네오펜틸글라이콜다이카프레이트, 카프릴릭/카프릭트라이글리세라이드, 솔비톨, 월귤추출물, 아이리쉬모스추출물, 시어버터, 사탕수수추출물, 알파-알부틴, 비피다발효용해물, 소듐하이알루로네이트, 인도멀구슬나무꽃추출물, 홀리바질잎추출물, 인도멀구슬나무잎추출물, 울금뿌리추출물, 참산호말추출물, 흰목이버섯추출물, 펜틸렌글라이콜, 글리세린, 3-O-에틸아스코빅애씨드(2,000 ppm), 비사보롤, 트로메타민, 에틸헥실글리세린, 아데노신, 하이드로제네이티드레시틴, 알란토인, 글루타티온(100 ppm), 세라마이드엔피, 베타-글루칸, 다이포타슘글리시리제이트, 토코페롤, 아스코빅애씨드(1 ppb), 아스코빌글루코사이드(1 ppb), 토코페릴아세테이트, 하이드록시프로필사이클로덱스트린, 유비퀴논, 티옥틱애씨드, 포타슘하이드록사이드, 베헤닐알코올, 카보머, 잔탄검, 다이소듐이디티에이",html,https://www.oliveyoung.co.kr/store/goods/getGoodsDetail.do?goodsNo=A000000189837&dispCatNo=100000100010014&trackingCd=Cat100000100010014_Small&t_page=카테고리관&t_click=에센스/세럼/앰플_전체__상품상세&t_number=16
2026-05-02,oliveyoung,판매순,17,[1+1/깐달걀피부결] 이니스프리 레티놀 시카 흔적 앰플 30ml 더블 기획,이니스프리,30ml,52000.0,47%,27400,4.8,"21,754","레티놀(Retinol), 시카(Asiaticoside, Madecassic Acid, Asiatic Acid), 히알루론산(Hyaluronic Acid), 세라마이드(Ceramide NP), PDRN, 나이아신아마이드(Niacinamide)","정제수, 글리세린, 부틸렌글라이콜, 나이아신아마이드, 다이부틸아디페이트, 카프릴릭/카프릭트라이글리세라이드, 1,2-헥산다이올, 하이드로제네이티드레시틴, 암모늄아크릴로일다이메틸타우레이트/브이피코폴리머, 해바라기씨오일, 콜레스테롤, 알란토인, 돌콩오일, 토코페롤, 토코페릴아세테이트, 소듐메틸스테아로일타우레이트, 프로판다이올, 당근추출물, 에틸헥실글리세린, 아데노신, 아시아티코사이드, 마데카식애씨드, 녹차씨추출물, 아시아틱애씨드, 레티놀(500IU/g), 스테아릴글리시레티네이트, 하이알루로닉애씨드, 만니톨, 세라마이드엔피, 베타-글루칸, 베타-카로틴, 피토스핑고신, 비에이치티, 살리실릭애씨드, 아세틸테트라펩타이드-11",html,https://www.oliveyoung.co.kr/store/goods/getGoodsDetail.do?goodsNo=A000000230208&dispCatNo=100000100010014&trackingCd=Cat100000100010014_Small&t_page=카테고리관&t_click=에센스/세럼/앰플_전체__상품상세&t_number=17
2026-05-02,oliveyoung,판매순,18,[물광리프팅] 성분에디터 실크펩타이드 EGF 하트핏 볼륨 리프팅 앰플 40ml 더블기획,성분에디터,40ml,43000.0,47%,22900,4.8,"2,312","Silk Peptide(Silk Extract, Hydrolyzed Silk, SH-Polypeptide-121, SH-Polypeptide-123, SH-Polypeptide-1, SH-Polypeptide-11, SH-Polypeptide-9, SH-Polypeptide-16, SH-Polypeptide-22, SH-Polypeptide-3, SH-Polypeptide-19, SH-Polypeptide-62), EGF(SH-Polypeptide-1), Peptide(Daidiazu Peptide, SH-Polypeptide-121, Caffeoyl Hexapeptide-65, SH-Polypeptide-123, Myristoyl Pentapeptide-17, Myristoyl Pentapeptide-4, SH-Polypeptide-123, Palmitoyl Pentapeptide-5, Acetyl Tetrapeptide-3, Copper Tripeptide-1, Palmitoyl Pentapeptide-4, Acetyl Hexapeptide-8, Palmitoyl Tetrapeptide-7, SH-Decapeptide-7, SH-Octapeptide-4, SH-Oligopeptide-9, SH-Pentapeptide-19, Palmitoyl Tripeptide-1, Tripeptide-32, SR-(Oligopeptide-91 Clostridium Botulinum Polypeptide-1), SH-Oligopeptide-1, SH-Polypeptide-1, SH-Oligopeptide-2, SH-Polypeptide-11, SH-Polypeptide-9, SH-Polypeptide-16, SH-Polypeptide-22, SH-Polypeptide-3, SH-Polypeptide-19, SH-Polypeptide-62), Collagen(Hydrolyzed Collagen, Collagen)","실크수(69.9 %), 부틸렌글라이콜, 정제수, 글리세린, 메틸프로판다이올, 1,2-헥산다이올, 나이아신아마이드, 카보머, 트로메타민, 피피지-13-데실테트라데세스-24, 프로판다이올, 아데노신, 아이리쉬모스가루,아가, 하이드록시에틸셀룰로오스, 다이소듐이디티에이, 아크릴레이트/C10-30알킬아크릴레이트크로스폴리머, 합성플루오르플로고파이트, 돌콩펩타이드(100 ppm), 베타인, 판테놀, 티타늄디옥사이드, 적색산화철,마이카, 젤란검, 마그네슘아스코빌포스페이트, 병풀추출물, 하이드롤라이즈드콜라겐, 약모밀추출물, 틴옥사이드, 에틸헥실글리세린, 스쿠알란, 하이드로제네이티드폴리아이소부텐, 벤질글라이콜, 레시틴, 하이드롤라이즈드글라이코사미노글리칸, 소듐하이알루로네이트, 카프릴릴글라이콜, 하이드로제네이티드레시틴, 에스에이치-폴리펩타이드-121(204 ppb), 카프릴릭/카프릭트라이글리세라이드, 소듐팔미토일사코시네이트, 토코페롤,카페오일헥사펩타이드-65(104 ppb), 소듐하이알루로네이트크로스폴리머, 아세틸글루타민, 헵타소듐헥사카복시메틸다이펩타이드-12(54 ppb),하이드롤라이즈드하이알루로닉애씨드, 바실러스/폴릭애씨드/돌콩발효추출물, 금, 소듐포스페이트, 콜라겐, 미리스토일펜타펩타이드-17(14 ppb),미리스토일펜타펩타이드-4(14 ppb), 에스에이치-폴리펩타이드-123(14 ppb), 하이드록시프로필트라이모늄하이알루로네이트, 덱스트란, 벤조익애씨드, 소듐벤조에이트, 하이드롤라이즈드엘라스틴, 팔미토일펜타펩타이드-5(9 ppb), 아세틸테트라펩타이드-3(7 ppb), 카퍼트라이펩타이드-1(6 ppb), 팔미토일펜타펩타이드-4(5 ppb), 아세틸헥사펩타이드-8(5 ppb), 팔미토일테트라펩타이드-7(4 ppb), 에스에이치-데카펩타이드-7 (4 ppb), 에스에이치-옥타펩타이드-4(4 ppb), 에스에이치-올리고펩타이드-9(4 ppb), 에스에이치-펜타펩타이드-19(4 ppb), 팔미토일트라이펩타이드-1(4 ppb), 트라이펩타이드-32(4 ppb), 에스알-(올리고펩타이드-91클로스트리듐보툴리눔폴리펩타이드-1)(4 ppb), 에스에이치-올리고펩타이드-1(4 ppb), 에스에이치-폴리펩타이드-1(4 ppb), 에스에이치-올리고펩타이드-2(4 ppb), 에스에이치-폴리펩타이드-11(4 ppb), 에스에이치-폴리펩타이드-9(4 ppb), 에스에이치-폴리펩타이드-16(4 ppb), 에스에이치-폴리펩타이드-22(4 ppb), 에스에이치-폴리펩타이드-3(4 ppb),에스에이치-폴리펩타이드-19(4 ppb), 에스에이치-폴리펩타이드-62(4 ppb), 붉은토끼풀꽃추출물, 하이알루로닉애씨드, 지모뿌리추출물, 소듐아세틸레이티드하이알루로네이트",html,https://www.oliveyoung.co.kr/store/goods/getGoodsDetail.do?goodsNo=A000000235179&dispCatNo=100000100010014&trackingCd=Cat100000100010014_Small&t_page=카테고리관&t_click=에센스/세럼/앰플_전체__상품상세&t_number=18
2026-05-02,oliveyoung,판매순,19,[장도연 PICK] 메디힐 마데카소사이드 흔적 리페어 세럼 40+40ml,메디힐,40ml,36900.0,39%,22400,4.7,"41,158",,"정제수, 글리세린, 부틸렌글라이콜, 프로판다이올, 1,2-헥산다이올, 나이아신아마이드, 글리세릴폴리메타크릴레이트, 판테놀, 베타인, 폴리글리세릴-10라우레이트, 아크릴레이트/C10-30알킬아크릴레이트크로스폴리머, 다이페닐다이메티콘, 트라이에틸헥사노인, 트로메타민, 마데카소사이드(540 ppm), 에틸헥실글리세린, 하이드로제네이티드레시틴, 잔탄검, 소듐하이알루로네이트, 병풀추출물(51 ppm), 아시아티코사이드(39 ppm), 서양배추출물, 연필향나무오일, 병풀잎추출물(21 ppm), 베타-글루칸, 다마스크장미꽃수, 멜론추출물, 오리스뿌리추출물, 서양송악잎/줄기추출물, 호호바씨오일, 광곽향오일, 불가리스쑥오일, 로즈마리잎오일, 토코페롤, 다이프로필렌글라이콜, 펜틸렌글라이콜, 카프릴릴/카프릴글루코사이드, 마데카식애씨드(0.00004 ppm), 아시아틱애씨드(0.00003 ppm), 세라마이드엔피",html,https://www.oliveyoung.co.kr/store/goods/getGoodsDetail.do?goodsNo=A000000211119&dispCatNo=100000100010014&trackingCd=Cat100000100010014_Small&t_page=카테고리관&t_click=에센스/세럼/앰플_전체__상품상세&t_number=19
2026-05-02,oliveyoung,판매순,20,바이오더마 하이드라비오 에센스로션 200ml 기획 (+스트레치 화장솜),바이오더마,200ml,35000.0,32%,23800,4.8,"7,536","나이아신아마이드(Niacinamide), 아쿠아지니움(Niacinamide, Pyrus Malus (Apple) Seed Extract)","정제수, 메틸프로판다이올, 나이아신아마이드, 피피지-26-부테스-26, 피이지-40하이드로제네이티드캐스터오일, 소듐피씨에이, 다이소듐이디티에이, 살리실릭애씨드, 하이드록시에틸셀룰로오스, 만니톨, 소듐시트레이트, 토코페릴아세테이트, 자일리톨, 헥실데칸올, 세트리모늄브로마이드, 향료, 벤조트라이아졸릴도데실p-크레솔, 람노오스, 소듐하이드록사이드, 사과씨추출물, 유채스테롤, 토코페롤",html,https://www.oliveyoung.co.kr/store/goods/getGoodsDetail.do?goodsNo=A000000251229&dispCatNo=100000100010014&trackingCd=Cat100000100010014_Small&t_page=카테고리관&t_click=에센스/세럼/앰플_전체__상품상세&t_number=20
2026-05-02,oliveyoung,판매순,21,[포켓몬 에디션]VT 리들샷100 에센스 50ml기획 (리들샷300 1ml+PDRN에센스1.5ml+포켓몬아크릴포스트잇),VT,50ml,32000.0,37%,20100,4.8,"46,902","Cica(Centella Asiatica Extract, Asiaticoside, Madecassoside, Madecassic Acid, Asiatic Acid), Hyaluronic Acid(Sodium Hyaluronate)","정제수, 다이프로필렌글라이콜, 글리세린, 나이아신아마이드, 부틸렌글라이콜, 마카다미아씨오일, 1,2-헥산다이올, 에틸헥실팔미테이트, 소듐아크릴레이트/소듐아크릴로일다이메틸타우레이트코폴리머, 폴리아이소부텐, 실리카, 글리세레스-26, 에틸헥실글리세린, 카프릴릴글라이콜, 아데노신, 소듐폴리아크릴레이트, 소듐하이알루로네이트, 병풀추출물, 카프릴릴/카프릴글루코사이드, 솔비탄올리에이트, 잔탄검, 프로폴리스추출물, 아시아티코사이드, 마데카소사이드, 마데카식애씨드, 아시아틱애씨드, 글라이신, 세린, 글루타믹애씨드, 아스파틱애씨드, 류신, 알라닌, 라이신, 알지닌, 타이로신, 페닐알라닌, 트레오닌, 프롤린, 발린, 아이소류신, 히스티딘, 메티오닌, 시스테인",html,https://www.oliveyoung.co.kr/store/goods/getGoodsDetail.do?goodsNo=A000000254058&dispCatNo=100000100010014&trackingCd=Cat100000100010014_Small&t_page=카테고리관&t_click=에센스/세럼/앰플_전체__상품상세&t_number=21
2026-05-02,oliveyoung,판매순,22,[포켓몬에디션/3일 집중진정]브링그린 징크테카 트러블 세럼 (대용량기획),브링그린,50mL,39600.0,43%,22500,4.7,"19,709","시카(Centella Asiatica Extract, Madecassic Acid, Asiaticoside, Asiatic Acid, Hydrogenated Lecithin, Glycolipids), 징크(Zinc PCA), 나이아신아마이드(Niacinamide)","정제수, 에톡시다이글라이콜, 메틸프로판다이올, 메틸글루세스-20, 1,2-헥산다이올, 나이아신아마이드, 병풀추출물, 티트리추출물, 티트리잎추출물, 티트리꽃/잎/줄기추출물, 몰로키아잎추출물**, 신선초추출물**, 연꽃뿌리추출물**, 오크라열매추출물**, 참마뿌리추출물**, 하이드로제네이티드레시틴, 티트리잎수, 티트리잎오일, 옥틸도데칸올, 옥틸도데세스-16, 아시아티코사이드*(4,800ppm), 마데카식애씨드*(3,600ppm), 글라이코리피드, 아시아틱애씨드*(3,600ppm), C12-13알케스-9, 카보머, 트로메타민, 피브이피, 소듐폴리아크릴레이트, 다이소듐이디티에이, 4-터피네올, 징크피씨에이(1ppm), 에틸헥실글리세린",html,https://www.oliveyoung.co.kr/store/goods/getGoodsDetail.do?goodsNo=A000000200646&dispCatNo=100000100010014&trackingCd=Cat100000100010014_Small&t_page=카테고리관&t_click=에센스/세럼/앰플_전체__상품상세&t_number=22
2026-05-02,oliveyoung,판매순,23,[포켓몬 에디션] VT 리들샷 300 에센스 50ml 기획 (+PDRN 에센스 1.5ml*2+피카츄 러기지택),VT,50ml,43000.0,39%,26100,4.8,"6,181","Cica(Centella Asiatica Extract, Asiaticoside, Madecassoside, Madecassic Acid, Asiatic Acid), Hyaluronic Acid(Sodium Hyaluronate)","정제수, 다이프로필렌글라이콜, 글리세린, 나이아신아마이드, 부틸렌글라이콜, 마카다미아씨오일, 1,2-헥산다이올, 에틸헥실팔미테이트, 실리카, 소듐아크릴레이트/소듐아크릴로일다이메틸타우레이트코폴리머, 폴리아이소부텐, 글리세레스-26, 에틸헥실글리세린, 카프릴릴글라이콜, 아데노신, 소듐폴리아크릴레이트, 병풀추출물, 소듐하이알루로네이트, 카프릴릴/카프릴글루코사이드, 솔비탄올리에이트, 잔탄검, 프로폴리스추출물, 아시아티코사이드, 마데카소사이드, 마데카식애씨드, 아시아틱애씨드, 글라이신, 세린, 글루타믹애씨드, 아스파틱애씨드, 류신, 알라닌, 라이신, 알지닌, 타이로신, 페닐알라닌, 트레오닌, 프롤린, 발린, 아이소류신, 히스티딘, 메티오닌, 시스테인",html,https://www.oliveyoung.co.kr/store/goods/getGoodsDetail.do?goodsNo=A000000254064&dispCatNo=100000100010014&trackingCd=Cat100000100010014_Small&t_page=카테고리관&t_click=에센스/세럼/앰플_전체__상품상세&t_number=23
2026-05-02,oliveyoung,판매순,24,[수분진정] 넘버즈인 1번 판토텐산 액티브업 수딩세럼 50ml 리필기획 (50ml+50ml),넘버즈인,50ml,38000.0,37%,24000,4.7,"12,170","판테놀(Panthenol, Pantothenic Acid), 나이아신아마이드(Niacinamide), 시카(Centella Asiatica Extract, Centella Asiatica Leaf Extract), 히알루론산(Sodium Hyaluronate, Hyaluronic Acid, Hydrolyzed Hyaluronic Acid, Sodium Acetylated Hyaluronate)","정제수,부틸렌글라이콜,나이아신아마이드,글리세린,다이프로필렌글라이콜,1,2-헥산다이올,판테놀,도둑놈의지팡이뿌리추출물,아크릴레이트/C10-30알킬아크릴레이트크로스폴리머,프로판다이올,다이에톡시에틸석시네이트,트로메타민,하이드로제네이티드레시틴,암모늄아크릴로일다이메틸타우레이트/브이피코폴리머,베타인,판토테닉애씨드,트레할로오스,에틸헥실글리세린,글리세릴올리에이트,소듐파이테이트,알란토인,알파-알부틴,약모밀추출물,라우릴글루코사이드,미리스틸글루코사이드,폴리글리세릴-6라우레이트,징크피씨에이,인도멀구슬나무잎추출물,토코페롤,감초뿌리추출물,인도멀구슬나무꽃추출물,아이비고드열매추출물,병풀추출물,소듐하이알루로네이트,시트릭애씨드,가지열매추출물,베타-글루칸,홀리바질잎추출물,하이알루로닉애씨드,데실글루코사이드,울금뿌리추출물,참산호말추출물,다이포타슘글리시리제이트,하이드롤라이즈드하이알루로닉애씨드,호호바씨오일,녹차추출물,병풀잎추출물,오카무라큰실말추출물,흰버드나무껍질추출물,소듐아세틸레이티드하이알루로네이트,커피콩추출물,베타-시토스테롤,폴리글리세릴-10스테아레이트,베르가모트잎추출물,소나무잎추출물",html,https://www.oliveyoung.co.kr/store/goods/getGoodsDetail.do?goodsNo=A000000207225&dispCatNo=100000100010014&trackingCd=Cat100000100010014_Small&t_page=카테고리관&t_click=에센스/세럼/앰플_전체__상품상세&t_number=24
